{
  "timestamp": "20250922_083047",
  "best_configuration": {
    "name": "aspect_focused",
    "data": {
      "config_name": "aspect_focused",
      "description": "Focus on bottle shape - emphasizes aspect ratio and verticality",
      "parameters": {
        "w_area": 1.0,
        "w_aspect": 2.0,
        "w_vertical": 1.5,
        "w_solidity": 1.5,
        "w_border": 0.5
      },
      "weighted_success_rate": 83.6893742171568,
      "weighted_volume_error": 13.770208594281067,
      "avg_processing_time": 221.955719298364,
      "overall_score": 72.16517281620582,
      "scenario_results": [
        {
          "scenario": "small_bottles",
          "bottle_type": "330ml",
          "expected_ml": 330,
          "success_rate": 80.44484296067331,
          "volume_error": 14.851719013108896,
          "processing_time": 182.7956962205405,
          "performance_score": 0.6765520657927403
        },
        {
          "scenario": "medium_bottles",
          "bottle_type": "600ml",
          "expected_ml": 600,
          "success_rate": 90.76074077007692,
          "volume_error": 11.413086409974358,
          "processing_time": 225.80329321550437,
          "performance_score": 0.9057942393350428
        },
        {
          "scenario": "large_bottles",
          "bottle_type": "1500ml",
          "expected_ml": 1500,
          "success_rate": 85.67743214029701,
          "volume_error": 13.107522619900996,
          "processing_time": 247.48266566692848,
          "performance_score": 0.7928318253399336
        },
        {
          "scenario": "edge_cases",
          "bottle_type": "mixed",
          "expected_ml": 750,
          "success_rate": 69.28364114924862,
          "volume_error": 18.572119616917128,
          "processing_time": 231.7412220904825,
          "performance_score": 0.42852535887219156
        }
      ]
    }
  },
  "all_results": [
    {
      "config_name": "current",
      "description": "Your current configuration - balanced approach",
      "parameters": {
        "w_area": 1.0,
        "w_aspect": 1.0,
        "w_vertical": 1.0,
        "w_solidity": 1.0,
        "w_border": 0.5
      },
      "weighted_success_rate": 74.4318856316691,
      "weighted_volume_error": 16.856038122776962,
      "avg_processing_time": 205.40094213195766,
      "overall_score": 61.88561861409321,
      "scenario_results": [
        {
          "scenario": "small_bottles",
          "bottle_type": "330ml",
          "expected_ml": 330,
          "success_rate": 74.63187368152659,
          "volume_error": 16.78937543949114,
          "processing_time": 191.2543977553679,
          "performance_score": 0.5473749707005907
        },
        {
          "scenario": "medium_bottles",
          "bottle_type": "600ml",
          "expected_ml": 600,
          "success_rate": 79.90560975639694,
          "volume_error": 15.031463414534354,
          "processing_time": 183.4816107223234,
          "performance_score": 0.6645691056977098
        },
        {
          "scenario": "large_bottles",
          "bottle_type": "1500ml",
          "expected_ml": 1500,
          "success_rate": 73.97006921863135,
          "volume_error": 17.009976927122878,
          "processing_time": 283.8269351557268,
          "performance_score": 0.5326682048584747
        },
        {
          "scenario": "edge_cases",
          "bottle_type": "mixed",
          "expected_ml": 750,
          "success_rate": 62.096243279271306,
          "volume_error": 20.967918906909564,
          "processing_time": 163.04082489441242,
          "performance_score": 0.2688054062060291
        }
      ]
    },
    {
      "config_name": "aspect_focused",
      "description": "Focus on bottle shape - emphasizes aspect ratio and verticality",
      "parameters": {
        "w_area": 1.0,
        "w_aspect": 2.0,
        "w_vertical": 1.5,
        "w_solidity": 1.5,
        "w_border": 0.5
      },
      "weighted_success_rate": 83.6893742171568,
      "weighted_volume_error": 13.770208594281067,
      "avg_processing_time": 221.955719298364,
      "overall_score": 72.16517281620582,
      "scenario_results": [
        {
          "scenario": "small_bottles",
          "bottle_type": "330ml",
          "expected_ml": 330,
          "success_rate": 80.44484296067331,
          "volume_error": 14.851719013108896,
          "processing_time": 182.7956962205405,
          "performance_score": 0.6765520657927403
        },
        {
          "scenario": "medium_bottles",
          "bottle_type": "600ml",
          "expected_ml": 600,
          "success_rate": 90.76074077007692,
          "volume_error": 11.413086409974358,
          "processing_time": 225.80329321550437,
          "performance_score": 0.9057942393350428
        },
        {
          "scenario": "large_bottles",
          "bottle_type": "1500ml",
          "expected_ml": 1500,
          "success_rate": 85.67743214029701,
          "volume_error": 13.107522619900996,
          "processing_time": 247.48266566692848,
          "performance_score": 0.7928318253399336
        },
        {
          "scenario": "edge_cases",
          "bottle_type": "mixed",
          "expected_ml": 750,
          "success_rate": 69.28364114924862,
          "volume_error": 18.572119616917128,
          "processing_time": 231.7412220904825,
          "performance_score": 0.42852535887219156
        }
      ]
    },
    {
      "config_name": "size_tolerant",
      "description": "Better for mixed sizes - lower area weight, moderate shape requirements",
      "parameters": {
        "w_area": 0.7,
        "w_aspect": 1.8,
        "w_vertical": 1.2,
        "w_solidity": 1.3,
        "w_border": 0.3
      },
      "weighted_success_rate": 82.2907445737754,
      "weighted_volume_error": 14.236418475408197,
      "avg_processing_time": 199.18722122571228,
      "overall_score": 70.57548980972346,
      "scenario_results": [
        {
          "scenario": "small_bottles",
          "bottle_type": "330ml",
          "expected_ml": 330,
          "success_rate": 81.7707699392252,
          "volume_error": 14.4097433535916,
          "processing_time": 271.414568501674,
          "performance_score": 0.7060171097605601
        },
        {
          "scenario": "medium_bottles",
          "bottle_type": "600ml",
          "expected_ml": 600,
          "success_rate": 91.39600328978054,
          "volume_error": 11.20133223673982,
          "processing_time": 150.97481395170917,
          "performance_score": 0.9199111842173453
        },
        {
          "scenario": "large_bottles",
          "bottle_type": "1500ml",
          "expected_ml": 1500,
          "success_rate": 79.43078221018767,
          "volume_error": 15.189739263270775,
          "processing_time": 201.0375774776988,
          "performance_score": 0.654017382448615
        },
        {
          "scenario": "edge_cases",
          "bottle_type": "mixed",
          "expected_ml": 750,
          "success_rate": 66.67836923332663,
          "volume_error": 19.440543588891124,
          "processing_time": 173.32192497176723,
          "performance_score": 0.3706304274072584
        }
      ]
    },
    {
      "config_name": "strict_shape",
      "description": "Very strict shape requirements - best for clean, perfect bottles",
      "parameters": {
        "w_area": 1.2,
        "w_aspect": 2.2,
        "w_vertical": 1.8,
        "w_solidity": 1.7,
        "w_border": 0.7
      },
      "weighted_success_rate": 83.61664043214705,
      "weighted_volume_error": 13.794453189284313,
      "avg_processing_time": 214.73708550681786,
      "overall_score": 72.08218210928234,
      "scenario_results": [
        {
          "scenario": "small_bottles",
          "bottle_type": "330ml",
          "expected_ml": 330,
          "success_rate": 82.33115986710376,
          "volume_error": 14.222946710965415,
          "processing_time": 163.91187650702219,