{
  "total_images": 32,
  "successful_measurements": 27,
  "failed_measurements": 5,
  "success_rate_percent": 84.375,
  "error_metrics": {
    "mean_absolute_error_ml": 11448.225555555557,
    "mean_relative_error_percent": 2284.678024691358,
    "root_mean_square_error_ml": 45957.97990434809
  },
  "background_type_stats": {
    "complex": {
      "500ml": {
        "total": 29,
        "successful": 24,
        "errors": [
          13.29000000000002,
          499.19,
          498.48,
          498.48,
          622.6199999999999,
          233400.41,
          496.16,
          1026.48,
          1874.69,
          311.25,
          549.3800000000001,
          142.54999999999995,
          565.26,
          5779.69,
          91.32,
          49867.37,
          253.01,
          1693.5,
          241.02999999999997,
          2012.6799999999998,
          2674.09,
          681.6600000000001,
          624.69,
          661.47
        ],
        "mean_error_ml": 12711.614583333334,
        "success_rate": 82.75862068965517
      }
    },
    "simple": {
      "600ml": {
        "total": 3,
        "successful": 3,
        "errors": [
          3008.48,
          424.52,
          590.34
        ],
        "mean_error_ml": 1341.1133333333335,
        "success_rate": 100.0
      }
    }
  },
  "category_breakdown": {
    "complex/500ml": {
      "total": 29,
      "successful": 24,
      "errors": [
        13.29000000000002,
        499.19,
        498.48,
        498.48,
        622.6199999999999,
        233400.41,
        496.16,
        1026.48,
        1874.69,
        311.25,
        549.3800000000001,
        142.54999999999995,
        565.26,
        5779.69,
        91.32,
        49867.37,
        253.01,
        1693.5,
        241.02999999999997,
        2012.6799999999998,
        2674.09,
        681.6600000000001,
        624.69,
        661.47
      ],
      "mean_error_ml": 12711.614583333334,
      "success_rate": 82.75862068965517
    },
    "simple/600ml": {
      "total": 3,
      "successful": 3,
      "errors": [
        3008.48,
        424.52,
        590.34
      ],
      "mean_error_ml": 1341.1133333333335,
      "success_rate": 100.0
    }
  },
  "processing_stats": {
    "mean_processing_time_ms": 41.570584177970886,
    "total_processing_time_ms": 1330.2586936950684
  },
  "timestamp": "2025-09-22T10:06:28.546059",
  "evaluation_version": "second_folder_enhanced_v1.0"
}